,Journal,Date,Général,Section analytique,Libellé,Débit,Crédit,POSTE,SOUS POSTE
0,ACH,2020-01-01,612701,20-STRUCT0,LIXXBAIL,390.0,0.0,,
1,ACH,2020-01-01,616120,20-STRUCT0,NATIOCREDIMURS - VU PEUGEOT EXPERT,17.98,0.0,,
2,ACH,2020-01-01,612500,20-STRUCT0,NATIOCREDIMURS - VU PEUGEOT EXPERT,349.42,0.0,,
3,ACH,2020-01-01,616120,20-STRUCT0,ALLIANZ,109.71,0.0,,
4,ACH,2020-01-01,616120,20-STRUCT0,ALLIANZ,93.08,0.0,,
5,ACH,2020-01-01,616120,20-STRUCT0,ALLIANZ,129.61,0.0,,
6,ACH,2020-01-01,616000,20-STRUCT0,ALLIANZ,80.4,0.0,,
7,ACH,2020-01-03,612306,20-STRUCT0,DIAC,381.1,0.0,,
8,ACH,2020-01-03,616120,20-STRUCT0,DIAC,36.53,0.0,,
9,ACH,2020-01-05,616120,20-STRUCT0,ALLIANZ,83.17,0.0,,
10,ACH,2020-01-05,616120,20-STRUCT0,ALLIANZ,135.9,0.0,,
11,ACH,2020-01-05,616120,20-STRUCT0,ALLIANZ,75.31,0.0,,
12,ACH,2020-01-05,616120,20-STRUCT0,ALLIANZ,186.26,0.0,,
13,ACH,2020-01-08,616120,20-STRUCT0,CM - CIC BAIL,21.89,0.0,,
14,ACH,2020-01-08,612200,20-STRUCT0,CM - CIC BAIL,474.38,0.0,,
15,ACH,2020-01-15,612305,20-STRUCT0,VIAXEL,229.7,0.0,,
16,ACH,2020-01-15,616120,20-STRUCT0,VIAXEL,21.61,0.0,,
17,ACH,2020-01-25,622700,20-STRUCT0,PASCAL RENARD,400.0,0.0,,
18,ACH,2020-01-25,612301,20-STRUCT0,CREDIPAR,312.45,0.0,,
19,ACH,2020-01-25,616120,20-STRUCT0,CREDIPAR,84.18,0.0,,
20,ACH,2020-01-25,616120,20-STRUCT0,CREDIPAR,93.9,0.0,,
21,ACH,2020-01-25,612303,20-STRUCT0,CREDIPAR,329.97,0.0,,
22,ACH,2020-01-25,612302,20-STRUCT0,CREDIPAR,312.45,0.0,,
23,ACH,2020-01-25,616120,20-STRUCT0,CREDIPAR,84.18,0.0,,
24,ACH,2020-01-27,616120,20-STRUCT0,CM - CIC BAIL,20.05,0.0,,
25,ACH,2020-01-27,645700,20-STRUCT0,APST,224.43,0.0,,
26,ACH,2020-01-30,625600,20-STRUCT0,REPAS,54.08,0.0,,
27,ACH,2020-01-30,625600,20-STRUCT0,REPAS,42.1,0.0,,
28,ACH,2020-01-30,625600,20-STRUCT0,REPAS,263.0,0.0,,
29,ACH,2020-01-30,625600,20-STRUCT0,REPAS,59.2,0.0,,
30,ACH,2020-01-30,625600,20-STRUCT0,REPAS,170.0,0.0,,
31,ACH,2020-01-30,625600,20-STRUCT0,REPAS,288.6,0.0,,
32,ACH,2020-01-30,625600,20-STRUCT0,REPAS,142.0,0.0,,
33,ACH,2020-01-30,625600,20-STRUCT0,REPAS,130.48,0.0,,
34,ACH,2020-01-30,625600,20-STRUCT0,REPAS,305.1,0.0,,
35,BQ1,2020-01-30,661810,20-STRUCT0,FRANCE CTX VPC,129.89,0.0,,
36,ACH,2020-01-31,611433,20-STRUCT0,LC2TECH,300.0,0.0,,
37,ACH,2020-02-01,614000,20-STRUCT0,SCI DES ARTISANS / JUM IMMO,300.0,0.0,,
38,ACH,2020-02-01,625600,20-STRUCT0,NDF MICHELLE,103.44,0.0,,
39,ACH,2020-02-01,626000,20-STRUCT0,NDF MICHELLE,11.64,0.0,,
40,ACH,2020-02-01,625600,20-STRUCT0,NDF COURANT,124.0,0.0,,
41,ACH,2020-02-01,625600,20-STRUCT0,NDF COURANT,68.18,0.0,,
42,ACH,2020-02-01,625600,20-STRUCT0,NDF COURANT,44.6,0.0,,
43,ACH,2020-02-01,616120,20-STRUCT0,NATIOCREDIMURS - VU PEUGEOT EXPERT,17.98,0.0,,
44,ACH,2020-02-01,612500,20-STRUCT0,NATIOCREDIMURS - VU PEUGEOT EXPERT,349.42,0.0,,
45,ACH,2020-02-01,616120,20-STRUCT0,ALLIANZ,120.35,0.0,,
46,ACH,2020-02-01,616120,20-STRUCT0,ALLIANZ,93.08,0.0,,
47,ACH,2020-02-01,616120,20-STRUCT0,ALLIANZ,123.71,0.0,,
48,ACH,2020-02-01,616000,20-STRUCT0,ALLIANZ,74.5,0.0,,
49,ACH,2020-02-04,625600,20-STRUCT0,TICKET DE CAISSE,195.11,0.0,,
50,ACH,2020-02-05,616120,20-STRUCT0,ALLIANZ,83.17,0.0,,
51,ACH,2020-02-05,616120,20-STRUCT0,ALLIANZ,135.9,0.0,,
52,ACH,2020-02-05,616120,20-STRUCT0,ALLIANZ,86.83,0.0,,
53,ACH,2020-02-05,612306,20-STRUCT0,DIAC,381.1,0.0,,
54,ACH,2020-02-05,616120,20-STRUCT0,DIAC,36.53,0.0,,
55,ACH,2020-02-05,616120,20-STRUCT0,ALLIANZ,274.08,0.0,,
56,ACH,2020-02-05,606400,20-STRUCT0,DIRECT FOURNITURES,270.13,0.0,,
57,ACH,2020-02-06,625600,20-STRUCT0,TICKET CAISSE,312.37,0.0,,
58,ACH,2020-02-08,616120,20-STRUCT0,CM - CIC BAIL,21.89,0.0,,
59,ACH,2020-02-08,612200,20-STRUCT0,CM - CIC BAIL,474.38,0.0,,
60,ACH,2020-02-11,616120,20-STRUCT0,CM - CIC BAIL,10.95,0.0,,
61,ACH,2020-02-11,616120,20-STRUCT0,CM - CIC BAIL,14.67,0.0,,
62,ACH,2020-02-11,612300,20-STRUCT0,CM - CIC BAIL,448.79,0.0,,
63,ACH,2020-02-13,606400,20-STRUCT0,ALPHA B,330.0,0.0,,
64,ACH,2020-02-17,612305,20-STRUCT0,VIAXEL,229.7,0.0,,
65,ACH,2020-02-17,616120,20-STRUCT0,VIAXEL,21.61,0.0,,
66,ACH,2020-02-18,622700,20-STRUCT0,EFFICO,46.02,0.0,,
67,ACH,2020-02-21,625600,20-STRUCT0,SHASHA THAI,199.94,0.0,,
68,ACH,2020-02-25,612301,20-STRUCT0,CREDIPAR,312.45,0.0,,
69,ACH,2020-02-25,616120,20-STRUCT0,CREDIPAR,84.18,0.0,,
70,ACH,2020-02-25,616120,20-STRUCT0,CREDIPAR,93.9,0.0,,
71,ACH,2020-02-25,612303,20-STRUCT0,CREDIPAR,329.97,0.0,,
72,ACH,2020-02-25,612302,20-STRUCT0,CREDIPAR,312.45,0.0,,
73,ACH,2020-02-25,616120,20-STRUCT0,CREDIPAR,84.18,0.0,,
74,ACH,2020-02-27,616120,20-STRUCT0,CM - CIC BAIL,20.05,0.0,,
75,ACH,2020-02-27,612100,20-STRUCT0,CM - CIC BAIL,343.32,0.0,,
76,ACH,2020-02-28,611441,20-STRUCT0,MPC SANDRINE,245.0,0.0,,
77,ACH,2020-02-29,613101,20-STRUCT0,KODEN,537.62,0.0,,
78,ACH,2020-02-29,645700,20-STRUCT0,APST,219.61,0.0,,
79,ACH,2020-02-29,606100,20-STRUCT0,TOTAL,821.44,0.0,,
80,ACH,2020-02-29,622600,20-STRUCT0,ASF GROUPE AO2C,1048.0,0.0,,
81,ACH,2020-02-29,611443,20-STRUCT0,INCUBES,95.0,0.0,,
82,ACH,2020-03-01,614000,20-STRUCT0,SCI DES ARTISANS / JUM IMMO,300.0,0.0,,
83,ACH,2020-03-01,613200,20-STRUCT0,SCI DES ARTISANS / JUM IMMO,1675.66,0.0,,
84,ACH,2020-03-01,635120,20-STRUCT0,SCI DES ARTISANS / JUM IMMO,1261.61,0.0,,
85,ACH,2020-03-01,601000,20-STRUCT0,NDF MICHELLE BERTRAND,37.49,0.0,,
86,ACH,2020-03-01,601000,20-STRUCT0,NDF MARIO CINCA,178.68,0.0,,
87,ACH,2020-03-01,625600,20-STRUCT0,NDF MICHELLE,66.93,0.0,,
88,ACH,2020-03-01,626000,20-STRUCT0,NDF MICHELLE,17.09,0.0,,
89,ACH,2020-03-01,626100,20-STRUCT0,SFR,359.27,0.0,,
90,ACH,2020-03-01,616120,20-STRUCT0,NATIOCREDIMURS - VU PEUGEOT EXPERT,17.98,0.0,,
91,ACH,2020-03-01,612500,20-STRUCT0,NATIOCREDIMURS - VU PEUGEOT EXPERT,349.42,0.0,,
92,ACH,2020-03-01,613512,20-STRUCT0,HILTI,2224.03,0.0,,
93,ACH,2020-03-01,613512,20-STRUCT0,HILTI,95.0,0.0,,
94,ACH,2020-03-01,616120,20-STRUCT0,ALLIANZ,109.71,0.0,,
95,ACH,2020-03-01,616120,20-STRUCT0,ALLIANZ,93.08,0.0,,
96,ACH,2020-03-01,616120,20-STRUCT0,ALLIANZ,123.71,0.0,,
97,ACH,2020-03-01,616120,20-STRUCT0,ALLIANZ,145.78,0.0,,
98,ACH,2020-03-01,616000,20-STRUCT0,ALLIANZ,74.5,0.0,,
99,ACH,2020-03-01,616120,20-STRUCT0,ALLIANZ,1723.11,0.0,,
100,ACH,2020-03-01,616120,20-STRUCT0,ALLIANZ,1650.82,0.0,,
101,ACH,2020-03-01,616120,20-STRUCT0,ALLIANZ,1650.82,0.0,,
102,ACH,2020-03-02,625600,20-STRUCT0,REPAS,285.82,0.0,,
103,ACH,2020-03-02,625600,20-STRUCT0,REPAS,208.0,0.0,,
104,ACH,2020-03-03,612306,20-STRUCT0,DIAC,381.1,0.0,,
105,ACH,2020-03-03,616120,20-STRUCT0,DIAC,36.53,0.0,,
106,ACH,2020-03-05,616120,20-STRUCT0,ALLIANZ,83.17,0.0,,
107,ACH,2020-03-05,616120,20-STRUCT0,ALLIANZ,80.93,0.0,,
108,ACH,2020-03-05,616120,20-STRUCT0,ALLIANZ,268.18,0.0,,
109,ACH,2020-03-08,616120,20-STRUCT0,CM - CIC BAIL,21.89,0.0,,
110,ACH,2020-03-08,612200,20-STRUCT0,CM - CIC BAIL,474.38,0.0,,
111,ACH,2020-03-11,616120,20-STRUCT0,CM - CIC BAIL,10.95,0.0,,
112,ACH,2020-03-11,612300,20-STRUCT0,CM - CIC BAIL,448.79,0.0,,
113,ACH,2020-03-11,616120,20-STRUCT0,CM - CIC BAIL,14.67,0.0,,
114,ACH,2020-03-14,616110,20-STRUCT0,SMA BTP - COTISATION PROVISIONNELLE,12090.74,0.0,,
115,ACH,2020-03-15,606100,20-STRUCT0,TOTAL,1198.09,0.0,,
116,ACH,2020-03-17,615000,20-STRUCT0,PEUGEOT METIN,2488.33,0.0,,
117,ACH,2020-03-25,612305,20-STRUCT0,VIAXEL,229.7,0.0,,
118,ACH,2020-03-25,616120,20-STRUCT0,VIAXEL,21.61,0.0,,
119,ACH,2020-03-25,611441,20-STRUCT0,MPC SANDRINE,490.0,0.0,,
120,ACH,2020-03-25,616120,20-STRUCT0,CREDIPAR,84.18,0.0,,
121,ACH,2020-03-25,612301,20-STRUCT0,CREDIPAR,312.45,0.0,,
122,ACH,2020-03-25,616120,20-STRUCT0,CREDIPAR,93.9,0.0,,
123,ACH,2020-03-25,612303,20-STRUCT0,CREDIPAR,329.97,0.0,,
124,ACH,2020-03-25,612302,20-STRUCT0,CREDIPAR,312.45,0.0,,
125,ACH,2020-03-25,616120,20-STRUCT0,CREDIPAR,84.18,0.0,,
126,ACH,2020-03-30,611442,20-STRUCT0,NHP NETTOYAGE BUREAU,86.94,0.0,,
127,ACH,2020-03-30,606100,20-STRUCT0,TOTAL,576.59,0.0,,
128,ACH,2020-03-30,625600,20-STRUCT0,REPAS,261.6,0.0,,
129,BQ1,2020-03-30,661810,20-STRUCT0,MAZAMET,121.58,0.0,,
130,ACH,2020-03-31,611443,20-STRUCT0,INCUBES,95.0,0.0,,
131,ACH,2020-03-31,613101,20-STRUCT0,LOXAM,590.03,0.0,,
132,ACH,2020-03-31,645700,20-STRUCT0,APST,119.75,0.0,,
133,ACH,2020-03-31,622600,20-STRUCT0,ASF GROUPE AO2C,623.0,0.0,,
134,ACH,2020-03-31,625600,20-STRUCT0,DIVERS,58.06,0.0,,
135,ACH,2020-03-31,613102,20-STRUCT0,LOXAM,104.88,0.0,,
136,ACH,2020-04-01,613200,20-STRUCT0,SCI DES ARTISANS / JUM IMMO,1675.66,0.0,,
137,ACH,2020-04-01,614000,20-STRUCT0,SCI DES ARTISANS / JUM IMMO,300.0,0.0,,
138,ACH,2020-04-01,612700,20-STRUCT0,FRANFINANCE,687.0,0.0,,
139,ACH,2020-04-01,626100,20-STRUCT0,SFR,350.4,0.0,,
140,ACH,2020-04-01,612800,20-STRUCT0,LIXXBAIL,418.0,0.0,,
141,ACH,2020-04-01,616120,20-STRUCT0,LIXXBAIL,11.97,0.0,,
142,ACH,2020-04-01,612701,20-STRUCT0,LIXXBAIL,390.0,0.0,,
143,ACH,2020-04-01,616120,20-STRUCT0,NATIOCREDIMURS - VU PEUGEOT EXPERT,17.98,0.0,,
144,ACH,2020-04-01,612500,20-STRUCT0,NATIOCREDIMURS - VU PEUGEOT EXPERT,349.42,0.0,,
145,ACH,2020-04-01,613512,20-STRUCT0,HILTI,95.0,0.0,,
146,ACH,2020-04-01,616120,20-STRUCT0,ALLIANZ,109.71,0.0,,
147,ACH,2020-04-01,616120,20-STRUCT0,ALLIANZ,93.08,0.0,,
148,ACH,2020-04-01,616120,20-STRUCT0,ALLIANZ,123.71,0.0,,
149,ACH,2020-04-01,616120,20-STRUCT0,ALLIANZ,139.88,0.0,,
150,ACH,2020-04-01,616120,20-STRUCT0,ALLIANZ,74.5,0.0,,
151,ACH,2020-04-01,616120,20-STRUCT0,ALLIANZ,343.46,0.0,,
152,ACH,2020-04-01,616120,20-STRUCT0,ALLIANZ,328.99,0.0,,
153,ACH,2020-04-01,616120,20-STRUCT0,ALLIANZ,328.99,0.0,,
154,ACH,2020-04-03,612306,20-STRUCT0,DIAC,381.1,0.0,,
155,ACH,2020-04-03,616120,20-STRUCT0,DIAC,36.53,0.0,,
156,ACH,2020-04-04,601950,20-STRUCT0,CHED DE FILE CUSTOM,450.0,0.0,,
157,ACH,2020-04-05,616120,20-STRUCT0,ALLIANZ,83.17,0.0,,
158,ACH,2020-04-05,616120,20-STRUCT0,ALLIANZ,80.93,0.0,,
159,ACH,2020-04-05,616120,20-STRUCT0,ALLIANZ,268.18,0.0,,
160,ACH,2020-04-07,626100,20-STRUCT0,ORANGE,164.84,0.0,,
161,ACH,2020-04-15,612305,20-STRUCT0,VIAXEL,229.7,0.0,,
162,ACH,2020-04-15,616120,20-STRUCT0,VIAXEL,21.61,0.0,,
163,ACH,2020-04-15,606100,20-STRUCT0,TOTAL,437.49,0.0,,
164,ACH,2020-04-17,601950,20-STRUCT0,FARMACIA OLIVEIRA,1880.0,0.0,,
165,ACH,2020-04-22,601950,20-STRUCT0,SANTE STOCK,2207.3,0.0,,
166,ACH,2020-04-22,606102,20-STRUCT0,EDF BUREAU,31.77,0.0,,
167,ACH,2020-04-25,612301,20-STRUCT0,CREDIPAR,312.45,0.0,,
168,ACH,2020-04-25,616120,20-STRUCT0,CREDIPAR,84.18,0.0,,
169,ACH,2020-04-25,612303,20-STRUCT0,CREDIPAR,329.97,0.0,,
170,ACH,2020-04-25,616120,20-STRUCT0,CREDIPAR,93.9,0.0,,
171,ACH,2020-04-25,612302,20-STRUCT0,CREDIPAR,312.45,0.0,,
172,ACH,2020-04-25,616120,20-STRUCT0,CREDIPAR,84.18,0.0,,
173,ACH,2020-04-30,601950,20-STRUCT0,ALPHI,720.0,0.0,,
174,ACH,2020-04-30,613102,20-STRUCT0,LOXAM,1069.38,0.0,,
175,ACH,2020-04-30,622600,20-STRUCT0,ASF GROUPE AO2C,573.0,0.0,,
176,ACH,2020-04-30,611442,20-STRUCT0,NHP NETTOYAGE BUREAU,130.81,0.0,,
177,ACH,2020-04-30,613102,20-STRUCT0,LOXAM,53.0,0.0,,
178,ACH,2020-04-30,606100,20-STRUCT0,TOTAL,641.45,0.0,,
179,ACH,2020-04-30,611428,20-STRUCT0,INCUBES,95.0,0.0,,
180,ACH,2020-04-30,601950,20-STRUCT0,PROLIANS,1078.05,0.0,,
181,ACH,2020-04-30,611433,20-STRUCT0,LC2TECH,300.0,0.0,,
182,ACH,2020-04-30,645700,20-STRUCT0,APST,30.2,0.0,,
183,ACH,2020-04-30,606400,20-STRUCT0,BRUNEAU,327.3,0.0,,
184,ACH,2020-05-01,613200,20-STRUCT0,SCI DES ARTISANS / JUM IMMO,1675.66,0.0,,
185,ACH,2020-05-01,614000,20-STRUCT0,SCI DES ARTISANS / JUM IMMO,300.0,0.0,,
186,ACH,2020-05-01,613101,20-STRUCT0,HILTI,95.0,0.0,,
187,ACH,2020-05-01,613512,20-STRUCT0,HILTI,2367.81,0.0,,
188,ACH,2020-05-01,626100,20-STRUCT0,SFR,350.4,0.0,,
189,ACH,2020-05-01,616120,20-STRUCT0,NATIOCREDIMURS - VU PEUGEOT EXPERT,17.98,0.0,,
190,ACH,2020-05-01,612500,20-STRUCT0,NATIOCREDIMURS - VU PEUGEOT EXPERT,349.42,0.0,,
191,ACH,2020-05-01,616120,20-STRUCT0,ALLIANZ,109.71,0.0,,
192,ACH,2020-05-01,616120,20-STRUCT0,ALLIANZ,93.08,0.0,,
193,ACH,2020-05-01,616120,20-STRUCT0,ALLIANZ,123.71,0.0,,
194,ACH,2020-05-01,616000,20-STRUCT0,ALLIANZ,74.5,0.0,,
195,ACH,2020-05-01,616120,20-STRUCT0,ALLIANZ,139.88,0.0,,
196,ACH,2020-05-01,616120,20-STRUCT0,ALLIANZ,343.46,0.0,,
197,ACH,2020-05-01,616120,20-STRUCT0,ALLIANZ,328.99,0.0,,
198,ACH,2020-05-01,616120,20-STRUCT0,ALLIANZ,328.99,0.0,,
199,ACH,2020-05-01,613110,20-STRUCT0,CABINET PORTLAND,1500.0,0.0,,
200,ACH,2020-05-05,616120,20-STRUCT0,ALLIANZ,83.17,0.0,,
201,ACH,2020-05-05,616120,20-STRUCT0,ALLIANZ,80.93,0.0,,
202,ACH,2020-05-05,612306,20-STRUCT0,DIAC,381.1,0.0,,
203,ACH,2020-05-05,616120,20-STRUCT0,DIAC,36.53,0.0,,
204,ACH,2020-05-05,616120,20-STRUCT0,ALLIANZ,268.18,0.0,,
205,ACH,2020-05-07,626100,20-STRUCT0,ORANGE,163.0,0.0,,
206,ACH,2020-05-12,606400,20-STRUCT0,NDF BERTRAND,57.43,0.0,,
207,ACH,2020-05-15,606100,20-STRUCT0,NDF BAYRAM CALISKAN,33.25,0.0,,
208,ACH,2020-05-15,606400,20-STRUCT0,LA POSTE,5.87,0.0,,
209,ACH,2020-05-15,612305,20-STRUCT0,VIAXEL,229.7,0.0,,
210,ACH,2020-05-15,616120,20-STRUCT0,VIAXEL,21.61,0.0,,
211,ACH,2020-05-15,606100,20-STRUCT0,TOTAL,860.5,0.0,,
212,ACH,2020-05-15,601950,20-STRUCT0,PROLIANS,440.99,0.0,,
213,ACH,2020-05-18,606300,20-STRUCT0,BOULANGER,216.63,0.0,,
214,ACH,2020-05-20,615000,20-STRUCT0,RENAULT - ARCADES DES NATIONS,21.64,0.0,,
215,ACH,2020-05-22,606400,20-STRUCT0,DIRECT FOURNITURES,110.41,0.0,,
216,ACH,2020-05-25,612301,20-STRUCT0,CREDIPAR,312.45,0.0,,
217,ACH,2020-05-25,616120,20-STRUCT0,CREDIPAR,84.18,0.0,,
218,ACH,2020-05-25,612303,20-STRUCT0,CREDIPAR,329.97,0.0,,
219,ACH,2020-05-25,616120,20-STRUCT0,CREDIPAR,93.9,0.0,,
220,ACH,2020-05-25,612302,20-STRUCT0,CREDIPAR,312.45,0.0,,
221,ACH,2020-05-25,616120,20-STRUCT0,CREDIPAR,84.18,0.0,,
222,ACH,2020-05-29,606400,20-STRUCT0,DOMAINE ACHAT,19.8,0.0,,
223,ACH,2020-05-30,611441,20-STRUCT0,MPC SANDRINE,2730.0,0.0,,
224,ACH,2020-05-30,611442,20-STRUCT0,NHP NETTOYAGE BUREAU,173.88,0.0,,
225,ACH,2020-05-31,613102,20-STRUCT0,LOXAM,1075.73,0.0,,
226,ACH,2020-05-31,622600,20-STRUCT0,ASF GROUPE AO2C,658.0,0.0,,
227,ACH,2020-05-31,606100,20-STRUCT0,TOTAL,884.41,0.0,,
228,ACH,2020-05-31,611443,20-STRUCT0,INCUBES,95.0,0.0,,
229,ACH,2020-05-31,645700,20-STRUCT0,APST,194.29,0.0,,
230,ACH,2020-06-01,613512,20-STRUCT0,HILTI,2367.81,0.0,,
231,ACH,2020-06-01,613512,20-STRUCT0,HILTI,95.0,0.0,,
232,ACH,2020-06-01,626100,20-STRUCT0,SFR,350.81,0.0,,
233,ACH,2020-06-01,613200,20-STRUCT0,SCI DES ARTISANS / JUM IMMO,1675.66,0.0,,
234,ACH,2020-06-01,614000,20-STRUCT0,SCI DES ARTISANS / JUM IMMO,300.0,0.0,,
235,ACH,2020-06-01,616120,20-STRUCT0,NATIOCREDIMURS - VU PEUGEOT EXPERT,17.98,0.0,,
236,ACH,2020-06-01,612500,20-STRUCT0,NATIOCREDIMURS - VU PEUGEOT EXPERT,349.42,0.0,,
237,ACH,2020-06-01,616120,20-STRUCT0,ALLIANZ,109.71,0.0,,
238,ACH,2020-06-01,616120,20-STRUCT0,ALLIANZ,93.08,0.0,,
239,ACH,2020-06-01,616120,20-STRUCT0,ALLIANZ,123.71,0.0,,
240,ACH,2020-06-01,616120,20-STRUCT0,ALLIANZ,139.88,0.0,,
241,ACH,2020-06-01,616000,20-STRUCT0,ALLIANZ,74.5,0.0,,
242,ACH,2020-06-01,616120,20-STRUCT0,ALLIANZ,343.46,0.0,,
243,ACH,2020-06-01,616120,20-STRUCT0,ALLIANZ,328.99,0.0,,
244,ACH,2020-06-01,616120,20-STRUCT0,ALLIANZ,328.99,0.0,,
245,ACH,2020-06-02,606400,20-STRUCT0,LA POSTE,5.45,0.0,,
246,ACH,2020-06-02,606400,20-STRUCT0,INFOGREFFE,2.94,0.0,,
247,ACH,2020-06-03,606400,20-STRUCT0,METRO,108.48,0.0,,
248,ACH,2020-06-03,616120,20-STRUCT0,DIAC,36.53,0.0,,
249,ACH,2020-06-03,612306,20-STRUCT0,DIAC,381.1,0.0,,
250,ACH,2020-06-05,615000,20-STRUCT0,ATEC SARL,45.83,0.0,,
251,ACH,2020-06-05,615000,20-STRUCT0,JET PNEU,175.0,0.0,,
252,ACH,2020-06-05,616120,20-STRUCT0,ALLIANZ,83.17,0.0,,
253,ACH,2020-06-05,616120,20-STRUCT0,ALLIANZ,80.93,0.0,,
254,ACH,2020-06-05,616120,20-STRUCT0,ALLIANZ,268.18,0.0,,
255,ACH,2020-06-08,626100,20-STRUCT0,ORANGE,182.22,0.0,,
256,ACH,2020-06-13,611444,20-STRUCT0,CETP - METREE,1900.0,0.0,,
257,ACH,2020-06-15,612305,20-STRUCT0,VIAXEL,229.7,0.0,,
258,ACH,2020-06-15,616120,20-STRUCT0,VIAXEL,21.61,0.0,,
259,ACH,2020-06-15,606400,20-STRUCT0,PROLIANS,173.0,0.0,,
260,ACH,2020-06-15,606100,20-STRUCT0,TOTAL,869.36,0.0,,
261,ACH,2020-06-15,645700,20-STRUCT0,APST,189.63,0.0,,
262,ACH,2020-06-16,601950,20-STRUCT0,AMAZON,211.12,0.0,,
263,ACH,2020-06-17,601000,20-STRUCT0,NDF,22.41,0.0,,
264,ACH,2020-06-18,606400,20-STRUCT0,BRUNEAU,433.05,0.0,,
265,ACH,2020-06-20,616110,20-STRUCT0,SMA BTP - COTISATION PROVISIONNELLE,13184.58,0.0,,
266,ACH,2020-06-21,606102,20-STRUCT0,EDF BUREAU,28.89,0.0,,
267,ACH,2020-06-22,611444,20-STRUCT0,CETP - METREE,2300.0,0.0,,
268,ACH,2020-06-24,606400,20-STRUCT0,LA POSTE,54.41,0.0,,
269,ACH,2020-06-25,616120,20-STRUCT0,CREDIPAR,84.18,0.0,,
270,ACH,2020-06-25,612301,20-STRUCT0,CREDIPAR,312.45,0.0,,
271,ACH,2020-06-25,616120,20-STRUCT0,CREDIPAR,93.9,0.0,,
272,ACH,2020-06-25,612303,20-STRUCT0,CREDIPAR,329.97,0.0,,
273,ACH,2020-06-25,612302,20-STRUCT0,CREDIPAR,312.45,0.0,,
274,ACH,2020-06-25,616120,20-STRUCT0,CREDIPAR,84.18,0.0,,
275,ACH,2020-06-26,615000,20-STRUCT0,DC AUTOMOBILES,1275.34,0.0,,
276,ACH,2020-06-27,606400,20-STRUCT0,ATTESTATION LEGALE,348.0,0.0,,
277,ACH,2020-06-29,611441,20-STRUCT0,MPC SANDRINE,3675.0,0.0,,
278,ACH,2020-06-30,611439,20-STRUCT0,GET CARRIERES,3650.0,0.0,,
279,ACH,2020-06-30,622600,20-STRUCT0,ASF GROUPE AO2C,2355.0,0.0,,
280,ACH,2020-06-30,606400,20-STRUCT0,BRUNEAU,332.5,0.0,,
281,ACH,2020-06-30,606100,20-STRUCT0,TOTAL,1022.74,0.0,,
282,ACH,2020-06-30,611442,20-STRUCT0,NHP NETTOYAGE BUREAU,173.88,0.0,,
283,ACH,2020-06-30,611443,20-STRUCT0,INCUBES,95.0,0.0,,
284,ACH,2020-06-30,613102,20-STRUCT0,LOXAM,1075.73,0.0,,
285,ACH,2020-06-30,613102,20-STRUCT0,LOXAM,587.77,0.0,,
286,ACH,2020-06-30,613102,20-STRUCT0,LOXAM,55.45,0.0,,
287,ACH,2020-07-01,613512,20-STRUCT0,HILTI,2367.81,0.0,,
288,ACH,2020-07-01,613512,20-STRUCT0,HILTI,95.0,0.0,,
289,ACH,2020-07-01,615000,20-STRUCT0,PEUGEOT METIN,111.61,0.0,,
290,ACH,2020-07-01,616120,20-STRUCT0,NATIOCREDIMURS - VU PEUGEOT EXPERT,17.98,0.0,,
291,ACH,2020-07-01,612500,20-STRUCT0,NATIOCREDIMURS - VU PEUGEOT EXPERT,349.42,0.0,,
292,ACH,2020-07-01,612800,20-STRUCT0,LIXXBAIL,418.0,0.0,,
293,ACH,2020-07-01,616120,20-STRUCT0,LIXXBAIL,11.97,0.0,,
294,ACH,2020-07-01,612701,20-STRUCT0,LIXXBAIL,390.0,0.0,,
295,ACH,2020-07-01,613200,20-STRUCT0,SCI DES ARTISANS / JUM IMMO,1675.66,0.0,,
296,ACH,2020-07-01,614000,20-STRUCT0,SCI DES ARTISANS / JUM IMMO,300.0,0.0,,
297,ACH,2020-07-01,612700,20-STRUCT0,FRANFINANCE,687.0,0.0,,
298,ACH,2020-07-01,626100,20-STRUCT0,SFR,351.95,0.0,,
299,ACH,2020-07-01,616120,20-STRUCT0,ALLIANZ,109.71,0.0,,
300,ACH,2020-07-01,616120,20-STRUCT0,ALLIANZ,139.88,0.0,,
301,ACH,2020-07-01,616000,20-STRUCT0,ALLIANZ,74.5,0.0,,
302,ACH,2020-07-01,616120,20-STRUCT0,ALLIANZ,343.46,0.0,,
303,ACH,2020-07-01,616120,20-STRUCT0,ALLIANZ,328.99,0.0,,
304,ACH,2020-07-01,616120,20-STRUCT0,ALLIANZ,328.99,0.0,,
305,ACH,2020-07-02,606400,20-STRUCT0,BOULANGER,396.67,0.0,,
306,ACH,2020-07-03,612306,20-STRUCT0,DIAC,381.1,0.0,,
307,ACH,2020-07-03,616120,20-STRUCT0,DIAC,36.53,0.0,,
308,ACH,2020-07-05,611433,20-STRUCT0,MICROSOFT,10.5,0.0,,
309,ACH,2020-07-05,616120,20-STRUCT0,ALLIANZ,95.78,0.0,,
310,ACH,2020-07-05,616120,20-STRUCT0,ALLIANZ,80.93,0.0,,
311,ACH,2020-07-05,616120,20-STRUCT0,ALLIANZ,93.08,0.0,,
312,ACH,2020-07-05,616120,20-STRUCT0,ALLIANZ,123.71,0.0,,
313,ACH,2020-07-05,616120,20-STRUCT0,ALLIANZ,268.18,0.0,,
314,ACH,2020-07-05,606400,20-STRUCT0,DIVERS,17.99,0.0,,
315,ACH,2020-07-07,626100,20-STRUCT0,ORANGE,188.54,0.0,,
316,ACH,2020-07-08,611440,20-STRUCT0,BTP SERVICES,0.0,875.0,,
317,ACH,2020-07-08,611440,20-STRUCT0,BTP SERVICES,0.0,875.0,,
318,ACH,2020-07-08,611440,20-STRUCT0,BTP SERVICES,0.0,805.0,,
319,ACH,2020-07-08,611440,20-STRUCT0,BTP SERVICES,0.0,875.0,,
320,ACH,2020-07-10,606400,20-STRUCT0,BRUNEAU,195.66,0.0,,
321,ACH,2020-07-10,606400,20-STRUCT0,BRUNEAU,99.55,0.0,,
322,ACH,2020-07-14,611440,20-STRUCT0,IBAT,750.0,0.0,,
323,ACH,2020-07-15,613102,20-STRUCT0,LOXAM,76.04,0.0,,
324,ACH,2020-07-15,612305,20-STRUCT0,VIAXEL,229.7,0.0,,
325,ACH,2020-07-15,616120,20-STRUCT0,VIAXEL,21.61,0.0,,
326,ACH,2020-07-15,615000,20-STRUCT0,NORAUTI,97.42,0.0,,
327,ACH,2020-07-15,606100,20-STRUCT0,TOTAL,982.82,0.0,,
328,ACH,2020-07-16,613512,20-STRUCT0,HILTI,0.0,71.83,,
329,ACH,2020-07-17,625600,20-STRUCT0,NDF,89.05,0.0,,
330,ACH,2020-07-21,606400,20-STRUCT0,LA POSTE,7.85,0.0,,
331,ACH,2020-07-21,615000,20-STRUCT0,PEUGEOT METIN,42.78,0.0,,
332,ACH,2020-07-24,611444,20-STRUCT0,AGENCE BELVEDERE,5000.0,0.0,,
333,ACH,2020-07-24,625600,20-STRUCT0,REPAS,442.08,0.0,,
334,ACH,2020-07-28,611441,20-STRUCT0,MPC SANDRINE,3360.0,0.0,,
335,ACH,2020-07-28,625600,20-STRUCT0,REPAS,270.5,0.0,,
336,ACH,2020-07-30,611442,20-STRUCT0,NHP NETTOYAGE BUREAU,173.88,0.0,,
337,ACH,2020-07-31,611443,20-STRUCT0,INCUBES,696.23,0.0,,
338,ACH,2020-07-31,622600,20-STRUCT0,ASF GROUPE AO2C,123.0,0.0,,
339,ACH,2020-07-31,611433,20-STRUCT0,LC2TECH,300.0,0.0,,
340,ACH,2020-07-31,613102,20-STRUCT0,LOXAM,587.77,0.0,,
341,ACH,2020-07-31,613102,20-STRUCT0,LOXAM,1075.73,0.0,,
342,ACH,2020-07-31,606100,20-STRUCT0,TOTAL,1109.64,0.0,,
343,ACH,2020-07-31,611433,20-STRUCT0,LC2TECH,300.0,0.0,,
344,ACH,2020-07-31,645700,20-STRUCT0,APST,186.62,0.0,,
345,ACH,2020-08-01,616120,20-STRUCT0,NATIOCREDIMURS - VU PEUGEOT EXPERT,17.98,0.0,,
346,ACH,2020-08-01,612500,20-STRUCT0,NATIOCREDIMURS - VU PEUGEOT EXPERT,349.42,0.0,,
347,ACH,2020-08-01,613512,20-STRUCT0,HILTI,2411.32,0.0,,
348,ACH,2020-08-01,613200,20-STRUCT0,SCI DES ARTISANS / JUM IMMO,1675.66,0.0,,
349,ACH,2020-08-01,614000,20-STRUCT0,SCI DES ARTISANS / JUM IMMO,300.0,0.0,,
350,ACH,2020-08-01,626100,20-STRUCT0,SFR,351.77,0.0,,
351,ACH,2020-08-01,613110,20-STRUCT0,CABINET PORTLAND,1500.0,0.0,,
352,ACH,2020-08-01,616120,20-STRUCT0,ALLIANZ,109.71,0.0,,
353,ACH,2020-08-01,616120,20-STRUCT0,ALLIANZ,139.88,0.0,,
354,ACH,2020-08-01,616000,20-STRUCT0,ALLIANZ,74.5,0.0,,
355,ACH,2020-08-01,616120,20-STRUCT0,ALLIANZ,343.46,0.0,,
356,ACH,2020-08-01,616120,20-STRUCT0,ALLIANZ,328.99,0.0,,
357,ACH,2020-08-01,616120,20-STRUCT0,ALLIANZ,328.99,0.0,,
358,ACH,2020-08-05,616120,20-STRUCT0,ALLIANZ,89.88,0.0,,
359,ACH,2020-08-05,616120,20-STRUCT0,ALLIANZ,93.08,0.0,,
360,ACH,2020-08-05,616120,20-STRUCT0,ALLIANZ,123.71,0.0,,
361,ACH,2020-08-05,616120,20-STRUCT0,ALLIANZ,268.18,0.0,,
362,ACH,2020-08-06,606400,20-STRUCT0,BRUNEAU,83.38,0.0,,
363,ACH,2020-08-06,626100,20-STRUCT0,ORANGE,222.29,0.0,,
364,ACH,2020-08-07,606400,20-STRUCT0,BRUNEAU,28.71,0.0,,
365,ACH,2020-08-08,616120,20-STRUCT0,ALLIANZ,80.93,0.0,,
366,ACH,2020-08-11,611440,20-STRUCT0,AIDE O TOP,1500.0,0.0,,
367,ACH,2020-08-15,612306,20-STRUCT0,DIAC,381.1,0.0,,
368,ACH,2020-08-15,616120,20-STRUCT0,DIAC,36.53,0.0,,
369,ACH,2020-08-15,606100,20-STRUCT0,TOTAL,966.93,0.0,,
370,ACH,2020-08-17,612305,20-STRUCT0,VIAXEL,229.7,0.0,,
371,ACH,2020-08-17,616120,20-STRUCT0,VIAXEL,21.61,0.0,,
372,ACH,2020-08-20,606102,20-STRUCT0,EDF,29.46,0.0,,
373,ACH,2020-08-20,622600,20-STRUCT0,ASF,2008.0,0.0,,
374,ACH,2020-08-21,606400,20-STRUCT0,BRUNEAU,106.38,0.0,,
375,ACH,2020-08-25,612303,20-STRUCT0,CREDIPAR,329.97,0.0,,
376,ACH,2020-08-25,616120,20-STRUCT0,CREDIPAR,93.9,0.0,,
377,ACH,2020-08-25,612301,20-STRUCT0,CREDIPAR,312.45,0.0,,
378,ACH,2020-08-25,616120,20-STRUCT0,CREDIPAR,84.18,0.0,,
379,ACH,2020-08-25,612302,20-STRUCT0,CREDIPAR,312.45,0.0,,
380,ACH,2020-08-25,616120,20-STRUCT0,CREDIPAR,84.18,0.0,,
381,ACH,2020-08-25,601950,20-STRUCT0,SANTE STOCK,964.09,0.0,,
382,ACH,2020-08-26,612321,20-STRUCT0,PORSHE FINANCES,1317.06,0.0,,
383,ACH,2020-08-26,616120,20-STRUCT0,PORSHE FINANCES,85.77,0.0,,
384,ACH,2020-08-27,601000,20-STRUCT0,AMAZON,87.96,0.0,,
385,ACH,2020-08-28,606400,20-STRUCT0,DOMAINE ACHAT,1.98,0.0,,
386,ACH,2020-08-29,601000,20-STRUCT0,AMAZON,153.93,0.0,,
387,ACH,2020-08-29,611443,20-STRUCT0,INCUBES,1695.6,0.0,,
388,ACH,2020-08-30,611442,20-STRUCT0,NHP NETTOYAGE BUREAU,173.88,0.0,,
389,ACH,2020-08-30,601000,20-STRUCT0,NDF,429.67,0.0,,
390,ACH,2020-08-31,611443,20-STRUCT0,MPC SANDRINE,1925.0,0.0,,
391,ACH,2020-08-31,613102,20-STRUCT0,LOXAM,1075.73,0.0,,
392,ACH,2020-08-31,613102,20-STRUCT0,LOXAM,587.77,0.0,,
393,ACH,2020-08-31,606400,20-STRUCT0,KODEN,405.76,0.0,,
394,ACH,2020-08-31,606400,20-STRUCT0,DIVERS,8.64,0.0,,
395,ACH,2020-08-31,606100,20-STRUCT0,TOTAL,1099.63,0.0,,
396,ACH,2020-08-31,611443,20-STRUCT0,INCUBES,213.75,0.0,,
397,ACH,2020-08-31,645700,20-STRUCT0,APST,127.56,0.0,,
398,ACH,2020-09-01,616120,20-STRUCT0,NATIOCREDIMURS - VU PEUGEOT EXPERT,17.98,0.0,,
399,ACH,2020-09-01,612500,20-STRUCT0,NATIOCREDIMURS - VU PEUGEOT EXPERT,349.42,0.0,,
400,ACH,2020-09-01,613200,20-STRUCT0,SCI DES ARTISANS / JUM IMMO,1675.66,0.0,,
401,ACH,2020-09-01,614000,20-STRUCT0,SCI DES ARTISANS / JUM IMMO,300.0,0.0,,
402,ACH,2020-09-01,626100,20-STRUCT0,SFR,350.4,0.0,,
403,ACH,2020-09-01,616120,20-STRUCT0,ALLIANZ,109.71,0.0,,
404,ACH,2020-09-01,616120,20-STRUCT0,ALLIANZ,93.08,0.0,,
405,ACH,2020-09-01,616120,20-STRUCT0,ALLIANZ,139.88,0.0,,
406,ACH,2020-09-01,616000,20-STRUCT0,ALLIANZ,74.5,0.0,,
407,ACH,2020-09-01,616120,20-STRUCT0,ALLIANZ,343.46,0.0,,
408,ACH,2020-09-01,616120,20-STRUCT0,ALLIANZ,328.99,0.0,,
409,ACH,2020-09-01,616120,20-STRUCT0,ALLIANZ,328.99,0.0,,
410,ACH,2020-09-02,615000,20-STRUCT0,PEUGEOT METIN,319.72,0.0,,
411,ACH,2020-09-03,606400,20-STRUCT0,BRUNEAU,110.77,0.0,,
412,ACH,2020-09-05,616120,20-STRUCT0,ALLIANZ,89.88,0.0,,
413,ACH,2020-09-05,616120,20-STRUCT0,ALLIANZ,80.93,0.0,,
414,ACH,2020-09-05,616120,20-STRUCT0,ALLIANZ,123.71,0.0,,
415,ACH,2020-09-05,616120,20-STRUCT0,ALLIANZ,268.18,0.0,,
416,ACH,2020-09-06,606102,20-STRUCT0,EDF,28.02,0.0,,
417,ACH,2020-09-07,606400,20-STRUCT0,AMAZON,25.75,0.0,,
418,ACH,2020-09-08,606400,20-STRUCT0,OFFICE DEPOT,127.29,0.0,,
419,ACH,2020-09-08,606400,20-STRUCT0,BOULANGER,25.19,0.0,,
420,ACH,2020-09-08,626100,20-STRUCT0,ORANGE,202.42,0.0,,
421,ACH,2020-09-09,606400,20-STRUCT0,FNAC,413.64,0.0,,
422,ACH,2020-09-10,606400,20-STRUCT0,DIVERS,3.99,0.0,,
423,ACH,2020-09-11,615000,20-STRUCT0,REVAUTO 77,323.25,0.0,,
424,ACH,2020-09-13,611440,20-STRUCT0,AIDE O TOP,1500.0,0.0,,
425,ACH,2020-09-14,613512,20-STRUCT0,HILTI,2411.32,0.0,,
426,ACH,2020-09-15,612306,20-STRUCT0,DIAC,381.1,0.0,,
427,ACH,2020-09-15,616120,20-STRUCT0,DIAC,36.53,0.0,,
428,ACH,2020-09-15,612305,20-STRUCT0,VIAXEL,229.7,0.0,,
429,ACH,2020-09-15,616120,20-STRUCT0,VIAXEL,21.61,0.0,,
430,ACH,2020-09-15,601000,20-STRUCT0,PROLIANS,28.8,0.0,,
431,ACH,2020-09-16,611443,20-STRUCT0,INCUBES,440.0,0.0,,
432,ACH,2020-09-17,616110,20-STRUCT0,SMA BTP - COTISATION PROVISIONNELLE,55306.55,0.0,,
433,ACH,2020-09-18,606400,20-STRUCT0,BRUNEAU,86.54,0.0,,
434,ACH,2020-09-20,606400,20-STRUCT0,DIVERS,8.8,0.0,,
435,ACH,2020-09-25,612303,20-STRUCT0,CREDIPAR,329.97,0.0,,
436,ACH,2020-09-25,616120,20-STRUCT0,CREDIPAR,93.9,0.0,,
437,ACH,2020-09-25,612301,20-STRUCT0,CREDIPAR,312.45,0.0,,
438,ACH,2020-09-25,616120,20-STRUCT0,CREDIPAR,84.18,0.0,,
439,ACH,2020-09-25,612302,20-STRUCT0,CREDIPAR,312.45,0.0,,
440,ACH,2020-09-25,616120,20-STRUCT0,CREDIPAR,84.18,0.0,,
441,ACH,2020-09-27,616120,20-STRUCT0,CM - CIC BAIL,30.98,0.0,,
442,ACH,2020-09-27,612100,20-STRUCT0,CM - CIC BAIL,350.12,0.0,,
443,ACH,2020-09-29,611441,20-STRUCT0,MPC SANDRINE,3815.0,0.0,,
444,ACH,2020-09-30,611442,20-STRUCT0,NHP NETTOYAGE BUREAU,173.88,0.0,,
445,ACH,2020-09-30,611443,20-STRUCT0,INCUBES,812.83,0.0,,
446,ACH,2020-09-30,622600,20-STRUCT0,ASF GROUPE AO2C,773.0,0.0,,
447,ACH,2020-09-30,613105,20-STRUCT0,COLTRIVAL,460.0,0.0,,
448,ACH,2020-09-30,645700,20-STRUCT0,APST,215.34,0.0,,
449,ACH,2020-09-30,613102,20-STRUCT0,CAR 77,700.0,0.0,,
450,ACH,2020-09-30,626000,20-STRUCT0,LA POSTE,7.57,0.0,,
451,ACH,2020-09-30,613102,20-STRUCT0,LOXAM,1645.73,0.0,,
452,ACH,2020-09-30,613102,20-STRUCT0,LOXAM,587.77,0.0,,
453,BQ1,2020-09-30,661810,20-STRUCT0,FRANCE CTX SUEZ 19100180,125.97,0.0,,
454,FAC,2020-09-30,622500,20-STRUCT0,FRAIS DE GESTION,45.0,0.0,,
455,FAC,2020-09-30,622500,20-STRUCT0,PRECOMPTE DE FINANCEMENT,921.18,0.0,,
456,FAC,2020-09-30,622500,20-STRUCT0,FRAIS DDE AGREMENT,21.0,0.0,,
457,FAC,2020-09-30,622500,20-STRUCT0,COMM FINANCEMENT,415.56,0.0,,
458,FAC,2020-09-30,622500,20-STRUCT0,COMM AFFACTURAGE,515.84,0.0,,
459,FAC,2020-09-30,622500,20-STRUCT0,PRECOMPTE DE COMM FINANCEMENT,234.47,0.0,,
460,FAC,2020-09-30,622500,20-STRUCT0,COMM AFFACTURAGE,1517.0,0.0,,
461,FAC,2020-09-30,622500,20-STRUCT0,PRECOMPTE COMM FINANCEMENT,14.27,0.0,,
462,ACH,2020-10-01,613200,20-STRUCT0,SCI DES ARTISANS / JUM IMMO,1675.66,0.0,,
463,ACH,2020-10-01,614000,20-STRUCT0,SCI DES ARTISANS / JUM IMMO,300.0,0.0,,
464,ACH,2020-10-01,612700,20-STRUCT0,FRANFINANCE,687.0,0.0,,
465,ACH,2020-10-01,606400,20-STRUCT0,BRUNEAU,232.18,0.0,,
466,ACH,2020-10-01,606400,20-STRUCT0,BRUNEAU,0.0,244.0,,
467,ACH,2020-10-01,606400,20-STRUCT0,BRUNEAU,244.0,0.0,,
468,ACH,2020-10-01,626100,20-STRUCT0,SFR,353.72,0.0,,
469,ACH,2020-10-01,613512,20-STRUCT0,HILTI,2921.23,0.0,,
470,ACH,2020-10-01,612800,20-STRUCT0,LIXXBAIL 4T 2020,418.0,0.0,,
471,ACH,2020-10-01,616100,20-STRUCT0,LIXXBAIL 4T 2020,11.97,0.0,,
472,ACH,2020-10-01,612701,20-STRUCT0,LIXXBAIL 4T 2020,390.0,0.0,,
473,ACH,2020-10-01,616120,20-STRUCT0,ALLIANZ,268.18,0.0,,
474,ACH,2020-10-01,616120,20-STRUCT0,ALLIANZ,93.08,0.0,,
475,ACH,2020-10-01,616120,20-STRUCT0,ALLIANZ,123.71,0.0,,
476,ACH,2020-10-01,616120,20-STRUCT0,ALLIANZ,109.71,0.0,,
477,ACH,2020-10-01,616120,20-STRUCT0,ALLIANZ,139.88,0.0,,
478,ACH,2020-10-01,616000,20-STRUCT0,ALLIANZ,74.5,0.0,,
479,ACH,2020-10-01,616120,20-STRUCT0,ALLIANZ,960.81,0.0,,
480,ACH,2020-10-01,616120,20-STRUCT0,ALLIANZ,343.46,0.0,,
481,ACH,2020-10-01,616120,20-STRUCT0,ALLIANZ,328.99,0.0,,
482,ACH,2020-10-01,616120,20-STRUCT0,ALLIANZ,328.99,0.0,,
483,ACH,2020-10-01,613110,20-STRUCT0,CABINET PORTLAND,1500.0,0.0,,
484,ACH,2020-10-02,611110,20-STRUCT0,AGATE METEO,1750.0,0.0,,
485,ACH,2020-10-02,601950,20-STRUCT0,AMAZON,131.94,0.0,,
486,ACH,2020-10-05,616120,20-STRUCT0,ALLIANZ,89.88,0.0,,
487,ACH,2020-10-05,616120,20-STRUCT0,ALLIANZ,80.93,0.0,,
488,ACH,2020-10-05,616120,20-STRUCT0,PORSCHE,85.77,0.0,,
489,ACH,2020-10-05,611433,20-STRUCT0,MICROSOFT,10.5,0.0,,
490,BQ1,2020-10-05,616000,20-STRUCT0,CIC HOM CL,8.07,0.0,,
491,BQ1,2020-10-05,616000,20-STRUCT0,CIC HOM CL,8.07,0.0,,
492,ACH,2020-10-06,626100,20-STRUCT0,ORANGE,225.29,0.0,,
493,ACH,2020-10-08,616120,20-STRUCT0,CM - CIC BAIL,35.02,0.0,,
494,ACH,2020-10-08,612200,20-STRUCT0,CM - CIC BAIL,483.83,0.0,,
495,ACH,2020-10-09,611433,20-STRUCT0,SOGELINK,250.0,0.0,,
496,ACH,2020-10-11,612300,20-STRUCT0,CM - CIC BAIL,458.0,0.0,,
497,ACH,2020-10-11,616120,20-STRUCT0,CM - CIC BAIL,35.87,0.0,,
498,ACH,2020-10-12,611440,20-STRUCT0,AIDE O TOP,1500.0,0.0,,
499,ACH,2020-10-15,616120,20-STRUCT0,VIAXEL,21.61,0.0,,
500,ACH,2020-10-19,601000,20-STRUCT0,LEROY MERLIN,1507.33,0.0,,
501,ACH,2020-10-19,601000,20-STRUCT0,LEROY MERLIN,0.0,382.46,,
502,ACH,2020-10-19,606100,20-STRUCT0,METIN TOTAL ESSENCE,40.08,0.0,,
503,ACH,2020-10-19,625600,20-STRUCT0,METIN TOTAL,2.2,0.0,,
504,ACH,2020-10-19,626000,20-STRUCT0,LA POSTE,6.0,0.0,,
505,ACH,2020-10-20,612304,20-STRUCT0,CREDIPAR,301.66,0.0,,
506,ACH,2020-10-20,616120,20-STRUCT0,CREDIPAR,71.71,0.0,,
507,ACH,2020-10-20,606102,20-STRUCT0,EDF BUREAU,29.73,0.0,,
508,ACH,2020-10-20,611443,20-STRUCT0,INCUBES,115.0,0.0,,
509,ACH,2020-10-20,625600,20-STRUCT0,LE 44,186.14,0.0,,
510,ACH,2020-10-21,615000,20-STRUCT0,REVAUTO 77,863.59,0.0,,
511,BQ2,2020-10-22,616110,20-STRUCT0,SMA BTP - COTISATION PROVISIONNELLE,13826.64,0.0,,
512,ACH,2020-10-23,625600,20-STRUCT0,MAHARAJAH DARBAR,115.64,0.0,,
513,ACH,2020-10-23,601000,20-STRUCT0,LEROY MERLIN,266.5,0.0,,
514,ACH,2020-10-24,612321,20-STRUCT0,PORSHE FINANCES,1349.44,0.0,,
515,ACH,2020-10-24,606100,20-STRUCT0,ESSO EXPRESS ESSENCE,40.5,0.0,,
516,ACH,2020-10-25,612301,20-STRUCT0,CREDIPAR,312.45,0.0,,
517,ACH,2020-10-25,616120,20-STRUCT0,CREDIPAR,84.18,0.0,,
518,ACH,2020-10-25,612303,20-STRUCT0,CREDIPAR,329.97,0.0,,
519,ACH,2020-10-25,616120,20-STRUCT0,CREDIPAR,93.9,0.0,,
520,ACH,2020-10-25,612500,20-STRUCT0,NATIOCREDIMURS - VU PEUGEOT EXPERT,349.42,0.0,,
521,ACH,2020-10-25,616120,20-STRUCT0,NATIOCREDIMURS - VU PEUGEOT EXPERT,17.98,0.0,,
522,ACH,2020-10-25,612306,20-STRUCT0,DIAC,381.1,0.0,,
523,ACH,2020-10-25,616120,20-STRUCT0,DIAC,36.53,0.0,,
524,ACH,2020-10-25,612302,20-STRUCT0,CREDIPAR,312.45,0.0,,
525,ACH,2020-10-25,616120,20-STRUCT0,CREDIPAR,84.18,0.0,,
526,ACH,2020-10-25,601000,20-STRUCT0,LEROY MERLIN,353.45,0.0,,
527,ACH,2020-10-26,611110,20-STRUCT0,AGATE METEO,175.0,0.0,,
528,ACH,2020-10-27,613102,20-STRUCT0,RENT A CAR,708.33,0.0,,
529,ACH,2020-10-27,612100,20-STRUCT0,CM - CIC BAIL,350.12,0.0,,
530,ACH,2020-10-27,616120,20-STRUCT0,CM - CIC BAIL,30.98,0.0,,
531,ACH,2020-10-28,625600,20-STRUCT0,BRUNEAU,123.95,0.0,,
532,ACH,2020-10-28,606400,20-STRUCT0,BRUNEAU,92.0,0.0,,
533,ACH,2020-10-28,625600,20-STRUCT0,LE VINT HEURES,130.0,0.0,,
534,ACH,2020-10-28,601950,20-STRUCT0,TONER SERVICES,209.98,0.0,,
535,ACH,2020-10-29,601000,20-STRUCT0,LEROY MERLIN,1213.73,0.0,,
536,ACH,2020-10-30,606400,20-STRUCT0,SARL ETRC,67.6,0.0,,
537,ACH,2020-10-30,611442,20-STRUCT0,NHP NETTOYAGE BUREAU,173.88,0.0,,
538,ACH,2020-10-30,613102,20-STRUCT0,RENT A CAR,700.0,0.0,,
539,ACH,2020-10-30,601000,20-STRUCT0,LEROY MERLIN,293.61,0.0,,
540,ACH,2020-10-30,611441,20-STRUCT0,MPC SANDRINE,3605.0,0.0,,
541,ACH,2020-10-30,645700,20-STRUCT0,APST,234.79,0.0,,
542,ACH,2020-10-31,613102,20-STRUCT0,LOXAM,1075.73,0.0,,
543,ACH,2020-10-31,613102,20-STRUCT0,LOXAM,587.77,0.0,,
544,ACH,2020-10-31,611443,20-STRUCT0,INCUBES,830.49,0.0,,
545,ACH,2020-10-31,625600,20-STRUCT0,FRANPRIX,63.25,0.0,,
546,ACH,2020-10-31,622600,20-STRUCT0,ASF GROUPE AO2C,1003.0,0.0,,
547,ACH,2020-10-31,622600,20-STRUCT0,ASF GROUPE AO2C,510.0,0.0,,
548,FAC,2020-10-31,622500,20-STRUCT0,FRAIS DE GESTION,45.0,0.0,,
549,FAC,2020-10-31,622500,20-STRUCT0,FRAIS DDE AGREMENT,63.0,0.0,,
550,FAC,2020-10-31,622500,20-STRUCT0,COMM FINANCEMENT,644.3,0.0,,
551,FAC,2020-10-31,622500,20-STRUCT0,PRECOMPTE COMM FINANCEMENT,581.76,0.0,,
552,FAC,2020-10-31,622500,20-STRUCT0,COMM AFFACTURAGE,928.7,0.0,,
553,FAC,2020-10-31,622500,20-STRUCT0,PRECOMPTE COMM FINANCEMENT,398.69,0.0,,
554,FAC,2020-10-31,622500,20-STRUCT0,COMM AFFACTURAGE,1620.43,0.0,,
555,FAC,2020-10-31,622500,20-STRUCT0,PRECOMPTE COMM DE FINANCEMENT,737.43,0.0,,
556,ACH,2020-11-01,613200,20-STRUCT0,JUM IMMO,1675.66,0.0,,
557,ACH,2020-11-01,614000,20-STRUCT0,JUM IMMO,300.0,0.0,,
558,ACH,2020-11-01,626100,20-STRUCT0,SFR,351.19,0.0,,
559,ACH,2020-11-01,613512,20-STRUCT0,HILTI,2969.1,0.0,,
560,ACH,2020-11-01,612500,20-STRUCT0,NATIOCREDIMURS - VU PEUGEOT EXPERT,349.42,0.0,,
561,ACH,2020-11-01,616120,20-STRUCT0,NATIOCREDIMURS - VU PEUGEOT EXPERT,17.98,0.0,,
562,ACH,2020-11-01,616120,20-STRUCT0,ALLIANZ,268.18,0.0,,
563,ACH,2020-11-01,616120,20-STRUCT0,ALLIANZ,80.93,0.0,,
564,ACH,2020-11-01,616120,20-STRUCT0,ALLIANZ,103.45,0.0,,
565,ACH,2020-11-01,616120,20-STRUCT0,ALLIANZ,123.71,0.0,,
566,ACH,2020-11-01,616120,20-STRUCT0,ALLIANZ,139.88,0.0,,
567,ACH,2020-11-01,616120,20-STRUCT0,ALLIANZ,960.81,0.0,,
568,ACH,2020-11-01,616120,20-STRUCT0,ALLIANZ,109.71,0.0,,
569,ACH,2020-11-01,616000,20-STRUCT0,ALLIANZ,74.5,0.0,,
570,ACH,2020-11-01,616120,20-STRUCT0,ALLIANZ,453.46,0.0,,
571,ACH,2020-11-01,616120,20-STRUCT0,ALLIANZ,355.96,0.0,,
572,ACH,2020-11-01,616120,20-STRUCT0,ALLIANZ,355.96,0.0,,
573,ACH,2020-11-03,606400,20-STRUCT0,BRUNEAU,338.17,0.0,,
574,ACH,2020-11-03,626000,20-STRUCT0,BRUNEAU,93.12,0.0,,
575,ACH,2020-11-03,611444,20-STRUCT0,CETP - PILOTAGE,1750.0,0.0,,
576,ACH,2020-11-03,611443,20-STRUCT0,INCUBES,702.72,0.0,,
577,ACH,2020-11-04,606400,20-STRUCT0,BOULANGER,412.03,0.0,,
578,ACH,2020-11-05,616120,20-STRUCT0,ALLIANZ,89.88,0.0,,
579,ACH,2020-11-05,606400,20-STRUCT0,BRUNEAU,280.12,0.0,,
580,ACH,2020-11-05,606400,20-STRUCT0,BRUNEAU,247.4,0.0,,
581,ACH,2020-11-05,615000,20-STRUCT0,PEUGEOT METIN,249.0,0.0,,
582,BQ1,2020-11-05,616000,20-STRUCT0,CIC HOM CL,8.44,0.0,,
583,BQ1,2020-11-05,616000,20-STRUCT0,CIC HOM CL,8.07,0.0,,
584,ACH,2020-11-06,626100,20-STRUCT0,ORANGE,221.07,0.0,,
585,ACH,2020-11-08,611444,20-STRUCT0,CETP - PILOTAGE,1500.0,0.0,,
586,ACH,2020-11-08,612200,20-STRUCT0,CM - CIC BAIL,483.83,0.0,,
587,ACH,2020-11-08,616120,20-STRUCT0,CM - CIC BAIL,35.02,0.0,,
588,ACH,2020-11-08,606102,20-STRUCT0,EDF BUREAU,109.27,0.0,,
589,ACH,2020-11-09,606400,20-STRUCT0,BRUNEAU,89.39,0.0,,
590,ACH,2020-11-09,613512,20-STRUCT0,HILTI,340.5,0.0,,
591,BQ1,2020-11-09,616000,20-STRUCT0,IDENTICAR,13.95,0.0,,
592,BQ1,2020-11-09,616000,20-STRUCT0,IDENTICAR,13.95,0.0,,
593,BQ1,2020-11-09,616000,20-STRUCT0,IDENTICAR,13.95,0.0,,
594,ACH,2020-11-10,613102,20-STRUCT0,CAR 77,249.48,0.0,,
595,ACH,2020-11-11,612300,20-STRUCT0,CM - CIC BAIL,458.0,0.0,,
596,ACH,2020-11-11,616120,20-STRUCT0,CM - CIC BAIL,35.87,0.0,,
597,ACH,2020-11-12,606400,20-STRUCT0,BRUNEAU,30.23,0.0,,
598,ACH,2020-11-12,613512,20-STRUCT0,HILTI,0.0,171.95,,
599,ACH,2020-11-13,606400,20-STRUCT0,BOULANGER,133.28,0.0,,
600,ACH,2020-11-14,612306,20-STRUCT0,DIAC,381.1,0.0,,
601,ACH,2020-11-14,616120,20-STRUCT0,DIAC,36.53,0.0,,
602,ACH,2020-11-16,616120,20-STRUCT0,VIAXEL,21.61,0.0,,
603,ACH,2020-11-17,606400,20-STRUCT0,INFOGREFFE,3.99,0.0,,
604,ACH,2020-11-17,615000,20-STRUCT0,PEUGEOT METIN,895.13,0.0,,
605,ACH,2020-11-19,612300,20-STRUCT0,CM - CIC BAIL FRAIS REPORT COVID,150.0,0.0,,
606,ACH,2020-11-19,606400,20-STRUCT0,BRUNEAU,164.33,0.0,,
607,ACH,2020-11-19,611428,20-STRUCT0,PERMANENT DESIGN,1100.0,0.0,,
608,ACH,2020-11-19,606400,20-STRUCT0,AMAZON SAMSUNG A10S,120.0,0.0,,
609,ACH,2020-11-19,606400,20-STRUCT0,AMAZON SAMSUNG A10,124.17,0.0,,
610,ACH,2020-11-20,612304,20-STRUCT0,CREDIPAR,301.66,0.0,,
611,ACH,2020-11-20,616120,20-STRUCT0,CREDIPAR,71.71,0.0,,
612,ACH,2020-11-23,626100,20-STRUCT0,SFR,12.5,0.0,,
613,ACH,2020-11-23,626000,20-STRUCT0,LA POSTE,5.45,0.0,,
614,ACH,2020-11-23,606400,20-STRUCT0,CHATEAU D EAU,51.9,0.0,,
615,ACH,2020-11-24,616120,20-STRUCT0,PORSHE FINANCES,85.77,0.0,,
616,ACH,2020-11-24,606300,20-STRUCT0,HILTI,192.95,0.0,,
617,ACH,2020-11-24,615000,20-STRUCT0,GARAGE ELITE,164.94,0.0,,
618,ACH,2020-11-25,612301,20-STRUCT0,CREDIPAR,312.45,0.0,,
619,ACH,2020-11-25,616120,20-STRUCT0,CREDIPAR,84.18,0.0,,
620,ACH,2020-11-25,612303,20-STRUCT0,CREDIPAR,329.97,0.0,,
621,ACH,2020-11-25,616120,20-STRUCT0,CREDIPAR,93.9,0.0,,
622,ACH,2020-11-25,612302,20-STRUCT0,CREDIPAR,312.45,0.0,,
623,ACH,2020-11-25,616120,20-STRUCT0,CREDIPAR,84.18,0.0,,
624,ACH,2020-11-26,606300,20-STRUCT0,BRUNEAU,82.11,0.0,,
625,ACH,2020-11-26,613102,20-STRUCT0,CAR 77,708.33,0.0,,
626,ACH,2020-11-27,615000,20-STRUCT0,ATEC SARL,62.5,0.0,,
627,ACH,2020-11-27,626000,20-STRUCT0,LA POSTE,6.0,0.0,,
628,ACH,2020-11-27,613512,20-STRUCT0,HILTI,499.98,0.0,,
629,ACH,2020-11-27,612100,20-STRUCT0,CM - CIC BAIL,350.12,0.0,,
630,ACH,2020-11-27,616120,20-STRUCT0,CM - CIC BAIL,30.98,0.0,,
631,ACH,2020-11-28,611444,20-STRUCT0,CETP - PILOTAGE,1400.0,0.0,,
632,ACH,2020-11-30,611441,20-STRUCT0,MPC SANDRINE,3815.0,0.0,,
633,ACH,2020-11-30,611442,20-STRUCT0,NHP NETTOYAGE BUREAU,173.88,0.0,,
634,ACH,2020-11-30,606400,20-STRUCT0,KODEN,452.15,0.0,,
635,ACH,2020-11-30,613105,20-STRUCT0,COLTRIVAL,660.1,0.0,,
636,ACH,2020-11-30,611443,20-STRUCT0,INCUBES,1331.56,0.0,,
637,ACH,2020-11-30,622600,20-STRUCT0,ASF GROUPE AO2C,1113.0,0.0,,
638,ACH,2020-11-30,625100,20-STRUCT0,PASS NAVIGO 11.2020,30.36,0.0,,
639,ACH,2020-11-30,625100,20-STRUCT0,PARKING,9.33,0.0,,
640,ACH,2020-11-30,613102,20-STRUCT0,LOXAM,626.62,0.0,,
641,ACH,2020-11-30,613102,20-STRUCT0,LOXAM,1675.43,0.0,,
642,ACH,2020-11-30,645700,20-STRUCT0,APST,238.85,0.0,,
643,FAC,2020-11-30,622500,20-STRUCT0,FRAIS GESTION,45.0,0.0,,
644,FAC,2020-11-30,622500,20-STRUCT0,COMM FINANCEMENT,375.51,0.0,,
645,FAC,2020-11-30,622500,20-STRUCT0,FRAIS DDE AGREMENT,21.0,0.0,,
646,FAC,2020-11-30,622500,20-STRUCT0,PRECOMPTE COMM DE FINANCEMENT,93.45,0.0,,
647,FAC,2020-11-30,622500,20-STRUCT0,COMM AFFACTURAGE,878.42,0.0,,
648,FAC,2020-11-30,622500,20-STRUCT0,PRECOMPTE COMM FINANCEMENT,388.19,0.0,,
649,FAC,2020-11-30,622500,20-STRUCT0,COMM AFFACTURAGE,2045.29,0.0,,
650,FAC,2020-11-30,622500,20-STRUCT0,PRECOMPTE COMM FINANCEMENT,573.44,0.0,,
651,ACH,2020-12-01,613512,20-STRUCT0,HILTI,3118.77,0.0,,
652,ACH,2020-12-01,626100,20-STRUCT0,SFR,351.33,0.0,,
653,ACH,2020-12-01,625100,20-STRUCT0,IK 11.2020,506.68,0.0,,
654,ACH,2020-12-01,613200,20-STRUCT0,JUM IMMO,1675.66,0.0,,
655,ACH,2020-12-01,614000,20-STRUCT0,JUM IMMO,300.0,0.0,,
656,ACH,2020-12-01,625100,20-STRUCT0,PASS NAVIGO 12.2020,34.18,0.0,,
657,ACH,2020-12-01,612500,20-STRUCT0,NATIOCREDIMURS - VU PEUGEOT EXPERT,349.42,0.0,,
658,ACH,2020-12-01,616120,20-STRUCT0,NATIOCREDIMURS - VU PEUGEOT EXPERT,17.98,0.0,,
659,ACH,2020-12-01,616120,20-STRUCT0,ALLIANZ,268.18,0.0,,
660,ACH,2020-12-01,616120,20-STRUCT0,ALLIANZ,80.93,0.0,,
661,ACH,2020-12-01,616120,20-STRUCT0,ALLIANZ,89.88,0.0,,
662,ACH,2020-12-01,616120,20-STRUCT0,ALLIANZ,97.55,0.0,,
663,ACH,2020-12-01,616120,20-STRUCT0,ALLIANZ,123.71,0.0,,
664,ACH,2020-12-01,616120,20-STRUCT0,ALLIANZ,139.88,0.0,,
665,ACH,2020-12-01,616120,20-STRUCT0,ALLIANZ,318.3,0.0,,
666,ACH,2020-12-01,616120,20-STRUCT0,ALLIANZ,109.71,0.0,,
667,ACH,2020-12-01,616000,20-STRUCT0,ALLIANZ,74.5,0.0,,
668,ACH,2020-12-01,616120,20-STRUCT0,ALLIANZ,447.56,0.0,,
669,ACH,2020-12-01,616120,20-STRUCT0,ALLIANZ,350.06,0.0,,
670,ACH,2020-12-01,616120,20-STRUCT0,ALLIANZ,350.06,0.0,,
671,ACH,2020-12-02,606400,20-STRUCT0,BRUNEAU,102.9,0.0,,
672,ACH,2020-12-02,606400,20-STRUCT0,AMAZON,18.34,0.0,,
673,ACH,2020-12-03,606400,20-STRUCT0,BOULANGER,299.98,0.0,,
674,ACH,2020-12-03,606400,20-STRUCT0,BOULANGER,39.99,0.0,,
675,ACH,2020-12-04,606400,20-STRUCT0,BRUNEAU,35.48,0.0,,
676,ACH,2020-12-04,606400,20-STRUCT0,BOULANGER,39.99,0.0,,
677,ACH,2020-12-04,606300,20-STRUCT0,BOULANGER,133.33,0.0,,
678,ACH,2020-12-04,623400,20-STRUCT0,O CAVEAU DE FRED,155.0,0.0,,
679,BQ1,2020-12-07,616000,20-STRUCT0,ASS HOM CL,8.43,0.0,,
680,BQ1,2020-12-07,616000,20-STRUCT0,ASS HOM CL,8.07,0.0,,
681,ACH,2020-12-08,606300,20-STRUCT0,GSM 55 COQUE SAMSUNG,21.5,0.0,,
682,ACH,2020-12-08,606400,20-STRUCT0,BRUNEAU,12.34,0.0,,
683,ACH,2020-12-08,626100,20-STRUCT0,ORANGE,248.58,0.0,,
684,ACH,2020-12-08,612200,20-STRUCT0,CM - CIC BAIL 08.12.20 AU 07.01.21,374.58,0.0,,
685,ACH,2020-12-08,616120,20-STRUCT0,CM - CIC BAIL 08.12.20 AU 07.01.21,27.11,0.0,,
686,ACH,2020-12-08,611440,20-STRUCT0,AIDE O TOP,3000.0,0.0,,
687,ACH,2020-12-09,613512,20-STRUCT0,HILTI,3204.12,0.0,,
688,BQ1,2020-12-09,616120,20-STRUCT0,IDENTICAR,13.95,0.0,,
689,BQ1,2020-12-09,616120,20-STRUCT0,IDENTICAR,13.95,0.0,,
690,BQ1,2020-12-09,616120,20-STRUCT0,IDENTICAR,13.95,0.0,,
691,ACH,2020-12-10,623400,20-STRUCT0,TABAC DE LA GARE,240.0,0.0,,
692,ACH,2020-12-10,623400,20-STRUCT0,LE VERCINGETORIX,240.0,0.0,,
693,ACH,2020-12-10,625600,20-STRUCT0,AMAZON,112.6,0.0,,
694,ACH,2020-12-10,625600,20-STRUCT0,AMAZON UKO,13.69,0.0,,
695,ACH,2020-12-10,612310,20-STRUCT0,CREDIPAR 10.12.20 AU 09.01.21,301.09,0.0,,
696,ACH,2020-12-10,616120,20-STRUCT0,CREDIPAR 10.12.20 AU 09.01.21,58.32,0.0,,
697,ACH,2020-12-11,612300,20-STRUCT0,CM - CIC BAIL 11.12.20 AU 10.01.21,310.26,0.0,,
698,ACH,2020-12-11,616120,20-STRUCT0,CM - CIC BAIL 11.12.20 AU 10.01.21,24.3,0.0,,
699,ACH,2020-12-14,613102,20-STRUCT0,CAR 77,479.81,0.0,,
700,ACH,2020-12-14,612306,20-STRUCT0,DIAC 14.12.20 AU 13.01.21,221.28,0.0,,
701,ACH,2020-12-14,616120,20-STRUCT0,DIAC 14.12.20 AU 13.01.21,21.21,0.0,,
702,ACH,2020-12-15,606300,20-STRUCT0,GIFI DECO FIN DANNEE,115.58,0.0,,
703,ACH,2020-12-15,612305,20-STRUCT0,VIAXEL DU 25.12.20 AU 24.01.21,51.87,0.0,,
704,ACH,2020-12-15,616120,20-STRUCT0,VIAXEL DU 25.12.20 AU 24.01.21,4.88,0.0,,
705,ACH,2020-12-15,606400,20-STRUCT0,AMAZON,66.37,0.0,,
706,ACH,2020-12-16,615000,20-STRUCT0,PEUGEOT METIN,499.0,0.0,,
707,ACH,2020-12-16,615000,20-STRUCT0,PEUGEOT METIN,499.0,0.0,,
708,ACH,2020-12-17,625600,20-STRUCT0,INTERMARCHE,223.6,0.0,,
709,BQ1,2020-12-17,616120,20-STRUCT0,GENERALI 08.12.20 au 31.01.21,233.8,0.0,,
710,ACH,2020-12-18,625600,20-STRUCT0,PRIMLAND,511.65,0.0,,
711,ACH,2020-12-20,606102,20-STRUCT0,EDF BUREAU,104.66,0.0,,
712,ACH,2020-12-20,606102,20-STRUCT0,EDF BUREAU,37.49,0.0,,
713,ACH,2020-12-20,612304,20-STRUCT0,CREDIPAR 20.12.20 AU 19.01.21,116.77,0.0,,
714,ACH,2020-12-20,616120,20-STRUCT0,CREDIPAR 20.12.20 AU 19.01.21,27.76,0.0,,
715,ACH,2020-12-21,613512,20-STRUCT0,HILTI,0.0,350.34,,
716,ACH,2020-12-22,637800,20-STRUCT0,VIGNETTE CRIT AIR,3.11,0.0,,
717,ACH,2020-12-23,626100,20-STRUCT0,RED BY SFR,14.93,0.0,,
718,ACH,2020-12-24,612321,20-STRUCT0,PORSHE FINANCES 05.01 AU 04.02.2021,1149.67,0.0,,
719,ACH,2020-12-24,616120,20-STRUCT0,PORSHE FINANCES 05.01 AU 04.02.2021,74.7,0.0,,
720,ACH,2020-12-25,612303,20-STRUCT0,CREDIPAR 25.12.20 au 24.01.21,74.51,0.0,,
721,ACH,2020-12-25,616120,20-STRUCT0,CREDIPAR 25.12.20 au 24.01.21,21.2,0.0,,
722,ACH,2020-12-25,612302,20-STRUCT0,CREDIPAR 25.12.20 au 24.01.21,70.55,0.0,,
723,ACH,2020-12-25,616120,20-STRUCT0,CREDIPAR 25.12.20 au 24.01.21,19.01,0.0,,
724,ACH,2020-12-27,612100,20-STRUCT0,CM - CIC BAIL 27.12.20 AU 26.01.21,56.47,0.0,,
725,ACH,2020-12-27,616120,20-STRUCT0,CM - CIC BAIL 27.12.20 AU 26.01.21,5.0,0.0,,
726,BQ1,2020-12-28,635130,20-STRUCT0,CFE,1508.0,0.0,,
727,ACH,2020-12-30,611442,20-STRUCT0,NHP NETTOYAGE BUREAU,173.88,0.0,,
728,ACH,2020-12-30,613102,20-STRUCT0,CAR 77,666.67,0.0,,
729,ACH,2020-12-30,601950,20-STRUCT0,BRUNEAU,237.0,0.0,,
730,ACH,2020-12-30,625600,20-STRUCT0,BRUNEAU,24.85,0.0,,
731,ACH,2020-12-30,606400,20-STRUCT0,BRUNEAU,77.33,0.0,,
732,ACH,2020-12-31,606400,20-STRUCT0,CHATEAU D'EAU,60.0,0.0,,
733,ACH,2020-12-31,611443,20-STRUCT0,INCUBES,439.6,0.0,,
734,ACH,2020-12-31,622600,20-STRUCT0,ASF GROUPE AO2C,1353.0,0.0,,
735,ACH,2020-12-31,625100,20-STRUCT0,IK 12.2020,469.03,0.0,,
736,ACH,2020-12-31,611441,20-STRUCT0,MPC SANDRINE,3815.0,0.0,,
737,ACH,2020-12-31,613102,20-STRUCT0,LOXAM,587.77,0.0,,
738,ACH,2020-12-31,613102,20-STRUCT0,LOXAM,1075.73,0.0,,
739,ACH,2020-12-31,612301,20-STRUCT0,CREDIPAR 25.12.20 au 24.01.21,312.45,0.0,,
740,ACH,2020-12-31,616120,20-STRUCT0,CREDIPAR 25.12.20 au 24.01.21,84.18,0.0,,
741,ACH,2020-12-31,625100,20-STRUCT0,FRAIS PARKING,7.87,0.0,,
742,ACH,2020-12-31,645700,20-STRUCT0,APST,219.82,0.0,,
743,FAC,2020-12-31,622500,20-STRUCT0,FRAIS DE GESTION,45.0,0.0,,
744,FAC,2020-12-31,622500,20-STRUCT0,COMM FINANCEMENT,360.04,0.0,,
745,FAC,2020-12-31,622500,20-STRUCT0,PRECOMPTE COMM FINANCEMENT,306.76,0.0,,
746,FAC,2020-12-31,622500,20-STRUCT0,COMM AFFACTURAGE,1583.26,0.0,,
747,FAC,2020-12-31,622500,20-STRUCT0,PRECOMPTE COMM FINANCEMENT,659.69,0.0,,
748,FAC,2020-12-31,622500,20-STRUCT0,COMM AFFACTURAGE,1116.36,0.0,,
749,FAC,2020-12-31,622500,20-STRUCT0,PRECOMPTE COMM FINANCEMENT,581.04,0.0,,
750,FAC,2020-12-31,622500,20-STRUCT0,PRECOMPTE COMM FINANCEMENT,169.48,0.0,,
